{
  "value0": {
    "T_imu_cam": [
      {
        "px": 0.0018687986,
        "py": 0.0230722294,
        "pz": -0.0001916686,
        "qx": 0.0,
        "qy": 1.0,
        "qz": 0.0,
        "qw": 0.0
      },
      {
        "px": -0.008131,
        "py": -0.036928,
        "pz": -0.000192,
        "qx": 0.0,
        "qy": 1.0,
        "qz": 0.0,
        "qw": 0.0
      }
    ],

    "intrinsics": [
      {
        "camera_type": "pinhole",
        "intrinsics": {
          "fx": 538.6996,
          "fy": 538.6996,
          "cx": 467.5450,
          "cy": 269.2643
        }
      },
      {
        "camera_type": "pinhole",
        "intrinsics": {
          "fx": 538.6996,
          "fy": 538.6996,
          "cx": 467.5450,
          "cy": 269.2643
        }
      }
    ],

    "resolution": [
      [960, 540],
      [960, 540]
    ],

    "calib_accel_bias": [-0.155075, 0.035311, -0.058619, 0,0,0,0,0,0],
    "calib_gyro_bias":  [-0.198172, -0.043423, -0.117384, 0,0,0,0,0,0,0,0,0],
    "imu_update_rate": 200.05,
    "accel_noise_std": [0.134861, 0.122560, 0.136098],
    "gyro_noise_std":  [1.192691, 1.195372, 1.181564],
    "accel_bias_std":  [0.000674, 0.000613, 0.000680],
    "gyro_bias_std":   [0.005962, 0.005975, 0.005906],



    "T_mocap_world": {
      "px": 0.0,
      "py": 0.0,
      "pz": 0.0,
      "qx": 0.0,
      "qy": 0.0,
      "qz": 0.0,
      "qw": 1.0
    },

    "T_imu_marker": {
      "px": 0.0,
      "py": 0.0,
      "pz": 0.0,
      "qx": 0.0,
      "qy": 0.0,
      "qz": 0.0,
      "qw": 1.0
    },

    "mocap_time_offset_ns": 0,
    "mocap_to_imu_offset_ns": 0,
    "cam_time_offset_ns": 0,

    "vignette": [
      {
        "value0": 0,
        "value1": 10000000000,
        "value2": [
          [1.0],[1.0],[1.0],[1.0],[1.0],[1.0],[1.0],[1.0],[1.0],[1.0],
          [1.0],[1.0],[1.0],[1.0],[1.0],[1.0],[1.0],[1.0],[1.0],[1.0],
          [1.0],[1.0],[1.0],[1.0],[1.0],[1.0],[1.0],[1.0],[1.0],[1.0],
          [1.0],[1.0],[1.0],[1.0],[1.0],[1.0],[1.0],[1.0],[1.0],[1.0],
          [1.0],[1.0],[1.0]
        ]
      },
      {
        "value0": 0,
        "value1": 10000000000,
        "value2": [
          [1.0],[1.0],[1.0],[1.0],[1.0],[1.0],[1.0],[1.0],[1.0],[1.0],
          [1.0],[1.0],[1.0],[1.0],[1.0],[1.0],[1.0],[1.0],[1.0],[1.0],
          [1.0],[1.0],[1.0],[1.0],[1.0],[1.0],[1.0],[1.0],[1.0],[1.0],
          [1.0],[1.0],[1.0],[1.0],[1.0],[1.0],[1.0],[1.0],[1.0],[1.0],
          [1.0],[1.0],[1.0]
        ]
      }
    ]
  }
}
