{
    "value0": {
        "T_imu_cam": [
            {
            "px": 0.0018687986,
            "py": 0.0230722294,
            "pz": -0.0001916686,
            "qx": -0.499363,
            "qy":  0.500668,
            "qz": -0.499365,
            "qw":  0.500604
            },

            {
            "px": -0.008131,
            "py": -0.036928,
            "pz": -0.000192,
            "qx": -0.499368,
            "qy":  0.500665,
            "qz": -0.499363,
            "qw":  0.500604
            }


        ],
        "intrinsics": [
            {
                "camera_type": "pinhole",
                "intrinsics": {
                    "fx": 538.6996,
                    "fy": 538.6996,
                    "cx": 467.5450,
                    "cy": 269.2643
                }
            },
            {
                "camera_type": "pinhole",
                "intrinsics": {
                    "fx": 538.6996,
                    "fy": 538.6996,
                    "cx": 467.5450,
                    "cy": 269.2643
                }
            }
        ],
        "resolution": [
            [
                960,
                540
            ],
            [
                960,
                540
            ]
        ],
        "calib_accel_bias": [
            0.3733,
            -0.0315,
            -0.0684,
            0.0,
            0.0,
            0.0,
            0.0,
            0.0,
            0.0
        ],
        "calib_gyro_bias": [
            -0.00132, 
            -0.00124, 
            -0.00297,
            0.0,
            0.0,
            0.0,
            0.0,
            0.0,
            0.0,
            0.0,
            0.0,
            0.0
        ],
        "imu_update_rate": 200.0,
        "accel_noise_std": [0.13, 0.13, 0.13],
        "gyro_noise_std": [0.021, 0.021, 0.021],
        "accel_bias_std": [0.013, 0.013, 0.013],
        "gyro_bias_std": [0.0021, 0.0021, 0.0021],
        "T_mocap_world": {
            "px": 0.0,
            "py": 0.0,
            "pz": 0.0,
            "qx": 0.0,
            "qy": 0.0,
            "qz": 0.0,
            "qw": 1.0
        },
        "T_imu_marker": {
            "px": 0.0,
            "py": 0.0,
            "pz": 0.0,
            "qx": 0.0,
            "qy": 0.0,
            "qz": 0.0,
            "qw": 1.0
        },
        "mocap_time_offset_ns": 0,
        "mocap_to_imu_offset_ns": 0,
        "cam_time_offset_ns": 0,
        "vignette": [
            {
                "value0": 0,
                "value1": 10000000000,
                "value2": [
                    [
                        1.0
                    ],
                    [
                        1.0
                    ],
                    [
                        1.0
                    ],
                    [
                        1.0
                    ],
                    [
                        1.0
                    ],
                    [
                        1.0
                    ],
                    [
                        1.0
                    ],
                    [
                        1.0
                    ],
                    [
                        1.0
                    ],
                    [
                        1.0
                    ],
                    [
                        1.0
                    ],
                    [
                        1.0
                    ],
                    [
                        1.0
                    ],
                    [
                        1.0
                    ],
                    [
                        1.0
                    ],
                    [
                        1.0
                    ],
                    [
                        1.0
                    ],
                    [
                        1.0
                    ],
                    [
                        1.0
                    ],
                    [
                        1.0
                    ],
                    [
                        1.0
                    ],
                    [
                        1.0
                    ],
                    [
                        1.0
                    ],
                    [
                        1.0
                    ],
                    [
                        1.0
                    ],
                    [
                        1.0
                    ],
                    [
                        1.0
                    ],
                    [
                        1.0
                    ],
                    [
                        1.0
                    ],
                    [
                        1.0
                    ],
                    [
                        1.0
                    ],
                    [
                        1.0
                    ],
                    [
                        1.0
                    ],
                    [
                        1.0
                    ],
                    [
                        1.0
                    ],
                    [
                        1.0
                    ],
                    [
                        1.0
                    ],
                    [
                        1.0
                    ],
                    [
                        1.0
                    ],
                    [
                        1.0
                    ],
                    [
                        1.0
                    ],
                    [
                        1.0
                    ],
                    [
                        1.0
                    ]
                ]
            },
            {
                "value0": 0,
                "value1": 10000000000,